-- =============================================================
-- supabase/seed.sql — ChongDeaw SaaS · TASK-1B-001
-- 3 ร้าน · 30 products · 8 stock items · 50 orders
-- รัน: npx supabase db reset
-- =============================================================

SET session_replication_role = replica;

-- NOTE: auth.users are created via GoTrue admin API in tests/global-setup.ts
-- with fixed UUIDs matching the IDs used below.

-- 2. STORES (name, slug, owner_id, subscription_status, tenant_tier) --
INSERT INTO stores (id, name_th, slug, owner_id, subscription_status, tenant_tier, is_deleted)
VALUES
  ('a1000000-0000-0000-0000-000000000001','ชงเดี่ยว สาขา 1','chongdeaw-1','00000001-0000-0000-0000-000000000001','active','basic',false),
  ('a2000000-0000-0000-0000-000000000002','คาเฟ่มุมน้ำ',     'mum-nam',   '00000002-0000-0000-0000-000000000002','active','basic',false),
  ('a3000000-0000-0000-0000-000000000003','ร้านกาแฟทดสอบ',  'test-coffee','00000003-0000-0000-0000-000000000003','trial', 'basic',false);

-- 3. PROFILES (id, store_id, line_user_id, display_name, role) --------
INSERT INTO profiles (id, store_id, line_user_id, display_name, role, is_deleted)
VALUES
  ('00000001-0000-0000-0000-000000000001','a1000000-0000-0000-0000-000000000001','line_u1','เจ้าของร้าน 1', 'owner',false),
  ('00000002-0000-0000-0000-000000000002','a2000000-0000-0000-0000-000000000002','line_u2','เจ้าของร้าน 2', 'owner',false),
  ('00000003-0000-0000-0000-000000000003','a3000000-0000-0000-0000-000000000003','line_u3','เจ้าของร้าน 3', 'owner',false),
  ('00000004-0000-0000-0000-000000000004','a1000000-0000-0000-0000-000000000001','line_u4','พนักงาน สาขา 1','staff',false);

-- 4. CATEGORIES -------------------------------------------------------
INSERT INTO categories (id, store_id, name_th, name_en, is_deleted) VALUES
  ('c1100000-0000-0000-0000-000000000001','a1000000-0000-0000-0000-000000000001','กาแฟร้อน','Hot Coffee', false),
  ('c1200000-0000-0000-0000-000000000002','a1000000-0000-0000-0000-000000000001','กาแฟเย็น','Iced Coffee',false),
  ('c2100000-0000-0000-0000-000000000003','a2000000-0000-0000-0000-000000000002','กาแฟ',    'Coffee',     false),
  ('c2200000-0000-0000-0000-000000000004','a2000000-0000-0000-0000-000000000002','ชา',      'Tea',        false),
  ('c3100000-0000-0000-0000-000000000005','a3000000-0000-0000-0000-000000000003','เครื่องดื่ม','Drinks',  false);

-- 5. PRODUCTS (10 per store) ------------------------------------------
INSERT INTO products (id, store_id, category_id, name_th, name_en, price, is_available, is_deleted) VALUES
  ('bb010100-0000-0000-0000-000000000001','a1000000-0000-0000-0000-000000000001','c1100000-0000-0000-0000-000000000001','อเมริกาโน่ร้อน', 'Hot Americano',    55,true, false),
  ('bb010200-0000-0000-0000-000000000002','a1000000-0000-0000-0000-000000000001','c1100000-0000-0000-0000-000000000001','ลาเต้ร้อน',      'Hot Latte',        65,true, false),
  ('bb010300-0000-0000-0000-000000000003','a1000000-0000-0000-0000-000000000001','c1100000-0000-0000-0000-000000000001','คาปูชิโน่',      'Cappuccino',       65,true, false),
  ('bb010400-0000-0000-0000-000000000004','a1000000-0000-0000-0000-000000000001','c1100000-0000-0000-0000-000000000001','มอคค่าร้อน',     'Hot Mocha',        70,true, false),
  ('bb010500-0000-0000-0000-000000000005','a1000000-0000-0000-0000-000000000001','c1200000-0000-0000-0000-000000000002','อเมริกาโน่เย็น', 'Iced Americano',   60,true, false),
  ('bb010600-0000-0000-0000-000000000006','a1000000-0000-0000-0000-000000000001','c1200000-0000-0000-0000-000000000002','ลาเต้เย็น',      'Iced Latte',       70,true, false),
  ('bb010700-0000-0000-0000-000000000007','a1000000-0000-0000-0000-000000000001','c1200000-0000-0000-0000-000000000002','มอคค่าเย็น',     'Iced Mocha',       75,true, false),
  ('bb010800-0000-0000-0000-000000000008','a1000000-0000-0000-0000-000000000001','c1200000-0000-0000-0000-000000000002','กาแฟเย็นหวานน้อย','Less Sweet Iced', 60,true, false),
  ('bb010900-0000-0000-0000-000000000009','a1000000-0000-0000-0000-000000000001','c1200000-0000-0000-0000-000000000002','ช็อกโกแลตเย็น',  'Iced Chocolate',   75,false,false),
  ('bb011000-0000-0000-0000-000000000010','a1000000-0000-0000-0000-000000000001','c1200000-0000-0000-0000-000000000002','มัทฉะลาเต้เย็น', 'Iced Matcha Latte',80,true, false),
  ('bb020100-0000-0000-0000-000000000011','a2000000-0000-0000-0000-000000000002','c2100000-0000-0000-0000-000000000003','เอสเพรสโซ',         'Espresso',       45,true, false),
  ('bb020200-0000-0000-0000-000000000012','a2000000-0000-0000-0000-000000000002','c2100000-0000-0000-0000-000000000003','ดับเบิ้ลเอสเพรสโซ', 'Double Espresso',60,true, false),
  ('bb020300-0000-0000-0000-000000000013','a2000000-0000-0000-0000-000000000002','c2100000-0000-0000-0000-000000000003','ลาเต้',             'Latte',          65,true, false),
  ('bb020400-0000-0000-0000-000000000014','a2000000-0000-0000-0000-000000000002','c2100000-0000-0000-0000-000000000003','แฟลตไวท์',          'Flat White',     70,true, false),
  ('bb020500-0000-0000-0000-000000000015','a2000000-0000-0000-0000-000000000002','c2100000-0000-0000-0000-000000000003','โคลด์บริว',         'Cold Brew',      75,true, false),
  ('bb020600-0000-0000-0000-000000000016','a2000000-0000-0000-0000-000000000002','c2200000-0000-0000-0000-000000000004','ชาไทยร้อน',         'Hot Thai Tea',   55,true, false),
  ('bb020700-0000-0000-0000-000000000017','a2000000-0000-0000-0000-000000000002','c2200000-0000-0000-0000-000000000004','ชาไทยเย็น',         'Iced Thai Tea',  60,true, false),
  ('bb020800-0000-0000-0000-000000000018','a2000000-0000-0000-0000-000000000002','c2200000-0000-0000-0000-000000000004','ชามะนาวเย็น',       'Iced Lemon Tea', 55,true, false),
  ('bb020900-0000-0000-0000-000000000019','a2000000-0000-0000-0000-000000000002','c2200000-0000-0000-0000-000000000004','ชาเขียวร้อน',       'Hot Green Tea',  50,false,false),
  ('bb021000-0000-0000-0000-000000000020','a2000000-0000-0000-0000-000000000002','c2200000-0000-0000-0000-000000000004','ชานมไข่มุก',        'Bubble Milk Tea',75,true, false),
  ('bb030100-0000-0000-0000-000000000021','a3000000-0000-0000-0000-000000000003','c3100000-0000-0000-0000-000000000005','กาแฟดำร้อน',  'Hot Black Coffee', 40,true, false),
  ('bb030200-0000-0000-0000-000000000022','a3000000-0000-0000-0000-000000000003','c3100000-0000-0000-0000-000000000005','กาแฟดำเย็น',  'Iced Black Coffee',45,true, false),
  ('bb030300-0000-0000-0000-000000000023','a3000000-0000-0000-0000-000000000003','c3100000-0000-0000-0000-000000000005','กาแฟนมร้อน',  'Hot Milk Coffee',  50,true, false),
  ('bb030400-0000-0000-0000-000000000024','a3000000-0000-0000-0000-000000000003','c3100000-0000-0000-0000-000000000005','กาแฟนมเย็น',  'Iced Milk Coffee', 55,true, false),
  ('bb030500-0000-0000-0000-000000000025','a3000000-0000-0000-0000-000000000003','c3100000-0000-0000-0000-000000000005','โอเลี้ยง',    'Thai Iced Coffee', 45,true, false),
  ('bb030600-0000-0000-0000-000000000026','a3000000-0000-0000-0000-000000000003','c3100000-0000-0000-0000-000000000005','ช็อกโกแลตร้อน','Hot Chocolate',   60,true, false),
  ('bb030700-0000-0000-0000-000000000027','a3000000-0000-0000-0000-000000000003','c3100000-0000-0000-0000-000000000005','นมสดร้อน',    'Hot Fresh Milk',   45,true, false),
  ('bb030800-0000-0000-0000-000000000028','a3000000-0000-0000-0000-000000000003','c3100000-0000-0000-0000-000000000005','นมสดเย็น',    'Iced Fresh Milk',  45,true, false),
  ('bb030900-0000-0000-0000-000000000029','a3000000-0000-0000-0000-000000000003','c3100000-0000-0000-0000-000000000005','โกโก้เย็น',   'Iced Cocoa',       55,true, false),
  ('bb031000-0000-0000-0000-000000000030','a3000000-0000-0000-0000-000000000003','c3100000-0000-0000-0000-000000000005','เลมอนโซดา',   'Lemon Soda',       50,false,false);

-- 6. STOCK ITEMS ------------------------------------------------------
INSERT INTO stock_items (id, store_id, name_th, name_en, unit, current_qty, min_qty, cost_per_unit, is_deleted) VALUES
  ('s101','a1000000-0000-0000-0000-000000000001','เมล็ดกาแฟ',    'Coffee Beans',   'g', 5000,500,0.80,false),
  ('s102','a1000000-0000-0000-0000-000000000001','นมสด',         'Fresh Milk',     'ml',8000,500,0.05,false),
  ('s103','a1000000-0000-0000-0000-000000000001','น้ำตาลทราย',   'Sugar',          'g', 3000,200,0.02,false),
  ('s104','a1000000-0000-0000-0000-000000000001','ช็อกโกแลตซีรัป','Choco Syrup',   'ml', 500,100,0.15,false),
  ('s105','a1000000-0000-0000-0000-000000000001','มัทฉะผง',      'Matcha Powder',  'g',  300, 50,0.50,false),
  ('s201','a2000000-0000-0000-0000-000000000002','เมล็ดกาแฟ',    'Coffee Beans',   'g', 4000,500,0.80,false),
  ('s202','a2000000-0000-0000-0000-000000000002','นมสด',         'Fresh Milk',     'ml',6000,500,0.05,false),
  ('s203','a2000000-0000-0000-0000-000000000002','ชาไทย',        'Thai Tea Leaves','g', 2000,200,0.10,false);

-- 7. ORDERS -----------------------------------------------------------
INSERT INTO orders (id, store_id, table_no, status, total_amount, payment_method, created_at, is_deleted) VALUES
  ('a1b00001-0000-0000-0000-000000000001','a1000000-0000-0000-0000-000000000001',1,'pending',130,'promptpay',NOW()-INTERVAL'2 minutes',  false),
  ('a1b00002-0000-0000-0000-000000000002','a1000000-0000-0000-0000-000000000001',2,'brewing',140,'cash',     NOW()-INTERVAL'8 minutes',  false),
  ('a1b00003-0000-0000-0000-000000000003','a1000000-0000-0000-0000-000000000001',3,'pending',155,'promptpay',NOW()-INTERVAL'12 minutes', false),
  ('a1b00004-0000-0000-0000-000000000004','a1000000-0000-0000-0000-000000000001',4,'done',   125,'cash',     NOW()-INTERVAL'1 hour',     false),
  ('a1b00005-0000-0000-0000-000000000005','a1000000-0000-0000-0000-000000000001',5,'paid',   135,'promptpay',NOW()-INTERVAL'2 hours',    false),
  ('a1b00006-0000-0000-0000-000000000006','a1000000-0000-0000-0000-000000000001',1,'paid',   150,'promptpay',NOW()-INTERVAL'3 hours',    false),
  ('a1b00007-0000-0000-0000-000000000007','a1000000-0000-0000-0000-000000000001',6,'paid',   195,'cash',     NOW()-INTERVAL'4 hours',    false),
  ('a1b00008-0000-0000-0000-000000000008','a1000000-0000-0000-0000-000000000001',2,'paid',   130,'promptpay',NOW()-INTERVAL'5 hours',    false),
  ('a1b00009-0000-0000-0000-000000000009','a1000000-0000-0000-0000-000000000001',7,'paid',   160,'cash',     NOW()-INTERVAL'6 hours',    false),
  ('a1b00010-0000-0000-0000-000000000010','a1000000-0000-0000-0000-000000000001',3,'paid',   145,'promptpay',NOW()-INTERVAL'7 hours',    false),
  ('a1b00011-0000-0000-0000-000000000011','a1000000-0000-0000-0000-000000000001',1,'paid',   120,'cash',     NOW()-INTERVAL'1 day',      false),
  ('a1b00012-0000-0000-0000-000000000012','a1000000-0000-0000-0000-000000000001',4,'paid',   200,'promptpay',NOW()-INTERVAL'1 day 2 hours',false),
  ('a1b00013-0000-0000-0000-000000000013','a1000000-0000-0000-0000-000000000001',5,'paid',   140,'cash',     NOW()-INTERVAL'1 day 4 hours',false),
  ('a1b00014-0000-0000-0000-000000000014','a1000000-0000-0000-0000-000000000001',8,'paid',   165,'promptpay',NOW()-INTERVAL'1 day 6 hours',false),
  ('a1b00015-0000-0000-0000-000000000015','a1000000-0000-0000-0000-000000000001',2,'paid',   130,'cash',     NOW()-INTERVAL'1 day 8 hours',false),
  ('a1b00016-0000-0000-0000-000000000016','a1000000-0000-0000-0000-000000000001',3,'paid',   155,'promptpay',NOW()-INTERVAL'2 days',     false),
  ('a1b00017-0000-0000-0000-000000000017','a1000000-0000-0000-0000-000000000001',6,'paid',   135,'cash',     NOW()-INTERVAL'3 days',     false),
  ('a1b00018-0000-0000-0000-000000000018','a1000000-0000-0000-0000-000000000001',1,'paid',   170,'promptpay',NOW()-INTERVAL'4 days',     false),
  ('a1b00019-0000-0000-0000-000000000019','a1000000-0000-0000-0000-000000000001',9,'paid',   145,'cash',     NOW()-INTERVAL'5 days',     false),
  ('a1b00020-0000-0000-0000-000000000020','a1000000-0000-0000-0000-000000000001',2,'paid',   160,'promptpay',NOW()-INTERVAL'6 days',     false),
  ('a1b00021-0000-0000-0000-000000000021','a1000000-0000-0000-0000-000000000001',4,'paid',   125,'cash',     NOW()-INTERVAL'8 days',     false),
  ('a1b00022-0000-0000-0000-000000000022','a1000000-0000-0000-0000-000000000001',5,'paid',   190,'promptpay',NOW()-INTERVAL'10 days',    false),
  ('a1b00023-0000-0000-0000-000000000023','a1000000-0000-0000-0000-000000000001',7,'paid',   150,'cash',     NOW()-INTERVAL'14 days',    false),
  ('a1b00024-0000-0000-0000-000000000024','a1000000-0000-0000-0000-000000000001',1,'paid',   175,'promptpay',NOW()-INTERVAL'20 days',    false),
  ('a1b00025-0000-0000-0000-000000000025','a1000000-0000-0000-0000-000000000001',3,'paid',   140,'cash',     NOW()-INTERVAL'25 days',    false),
  ('a2b00001-0000-0000-0000-000000000026','a2000000-0000-0000-0000-000000000002',1,'pending',120,'promptpay',NOW()-INTERVAL'5 minutes',  false),
  ('a2b00002-0000-0000-0000-000000000027','a2000000-0000-0000-0000-000000000002',2,'brewing',135,'cash',     NOW()-INTERVAL'15 minutes', false),
  ('a2b00003-0000-0000-0000-000000000028','a2000000-0000-0000-0000-000000000002',3,'paid',   150,'promptpay',NOW()-INTERVAL'2 hours',    false),
  ('a2b00004-0000-0000-0000-000000000029','a2000000-0000-0000-0000-000000000002',4,'paid',   125,'cash',     NOW()-INTERVAL'4 hours',    false),
  ('a2b00005-0000-0000-0000-000000000030','a2000000-0000-0000-0000-000000000002',1,'paid',   180,'promptpay',NOW()-INTERVAL'1 day',      false),
  ('a2b00006-0000-0000-0000-000000000031','a2000000-0000-0000-0000-000000000002',2,'paid',   135,'cash',     NOW()-INTERVAL'1 day 3 hours',false),
  ('a2b00007-0000-0000-0000-000000000032','a2000000-0000-0000-0000-000000000002',5,'paid',   160,'promptpay',NOW()-INTERVAL'2 days',     false),
  ('a2b00008-0000-0000-0000-000000000033','a2000000-0000-0000-0000-000000000002',3,'paid',   145,'cash',     NOW()-INTERVAL'3 days',     false),
  ('a2b00009-0000-0000-0000-000000000034','a2000000-0000-0000-0000-000000000002',6,'paid',   120,'promptpay',NOW()-INTERVAL'5 days',     false),
  ('a2b00010-0000-0000-0000-000000000035','a2000000-0000-0000-0000-000000000002',1,'paid',   175,'cash',     NOW()-INTERVAL'7 days',     false),
  ('a2b00011-0000-0000-0000-000000000036','a2000000-0000-0000-0000-000000000002',4,'paid',   130,'promptpay',NOW()-INTERVAL'9 days',     false),
  ('a2b00012-0000-0000-0000-000000000037','a2000000-0000-0000-0000-000000000002',2,'paid',   155,'cash',     NOW()-INTERVAL'12 days',    false),
  ('a2b00013-0000-0000-0000-000000000038','a2000000-0000-0000-0000-000000000002',7,'paid',   140,'promptpay',NOW()-INTERVAL'15 days',    false),
  ('a2b00014-0000-0000-0000-000000000039','a2000000-0000-0000-0000-000000000002',3,'paid',   165,'cash',     NOW()-INTERVAL'20 days',    false),
  ('a2b00015-0000-0000-0000-000000000040','a2000000-0000-0000-0000-000000000002',1,'paid',   145,'promptpay',NOW()-INTERVAL'25 days',    false),
  ('a3b00001-0000-0000-0000-000000000041','a3000000-0000-0000-0000-000000000003',1,'pending', 90,'cash',     NOW()-INTERVAL'3 minutes',  false),
  ('a3b00002-0000-0000-0000-000000000042','a3000000-0000-0000-0000-000000000003',2,'paid',   100,'promptpay',NOW()-INTERVAL'3 hours',    false),
  ('a3b00003-0000-0000-0000-000000000043','a3000000-0000-0000-0000-000000000003',3,'paid',    85,'cash',     NOW()-INTERVAL'1 day',      false),
  ('a3b00004-0000-0000-0000-000000000044','a3000000-0000-0000-0000-000000000003',1,'paid',    95,'promptpay',NOW()-INTERVAL'2 days',     false),
  ('a3b00005-0000-0000-0000-000000000045','a3000000-0000-0000-0000-000000000003',4,'paid',   110,'cash',     NOW()-INTERVAL'3 days',     false),
  ('a3b00006-0000-0000-0000-000000000046','a3000000-0000-0000-0000-000000000003',2,'paid',    90,'promptpay',NOW()-INTERVAL'5 days',     false),
  ('a3b00007-0000-0000-0000-000000000047','a3000000-0000-0000-0000-000000000003',5,'paid',   100,'cash',     NOW()-INTERVAL'7 days',     false),
  ('a3b00008-0000-0000-0000-000000000048','a3000000-0000-0000-0000-000000000003',1,'paid',    80,'promptpay',NOW()-INTERVAL'10 days',    false),
  ('a3b00009-0000-0000-0000-000000000049','a3000000-0000-0000-0000-000000000003',3,'paid',    95,'cash',     NOW()-INTERVAL'15 days',    false),
  ('a3b00010-0000-0000-0000-000000000050','a3000000-0000-0000-0000-000000000003',2,'paid',    85,'promptpay',NOW()-INTERVAL'20 days',    false);

-- 8. ORDER ITEMS ------------------------------------------------------
INSERT INTO order_items (id, order_id, store_id, product_id, qty, unit_price, is_deleted) VALUES
  ('i1-001-1','a1b00001-0000-0000-0000-000000000001','a1000000-0000-0000-0000-000000000001','bb010200-0000-0000-0000-000000000002',1,65,false),
  ('i1-001-2','a1b00001-0000-0000-0000-000000000001','a1000000-0000-0000-0000-000000000001','bb010500-0000-0000-0000-000000000005',1,60,false),
  ('i1-002-1','a1b00002-0000-0000-0000-000000000002','a1000000-0000-0000-0000-000000000001','bb010600-0000-0000-0000-000000000006',1,70,false),
  ('i1-002-2','a1b00002-0000-0000-0000-000000000002','a1000000-0000-0000-0000-000000000001','bb010800-0000-0000-0000-000000000008',1,60,false),
  ('i1-003-1','a1b00003-0000-0000-0000-000000000003','a1000000-0000-0000-0000-000000000001','bb010300-0000-0000-0000-000000000003',1,65,false),
  ('i1-003-2','a1b00003-0000-0000-0000-000000000003','a1000000-0000-0000-0000-000000000001','bb011000-0000-0000-0000-000000000010',1,80,false),
  ('i1-004-1','a1b00004-0000-0000-0000-000000000004','a1000000-0000-0000-0000-000000000001','bb010100-0000-0000-0000-000000000001',2,55,false),
  ('i1-005-1','a1b00005-0000-0000-0000-000000000005','a1000000-0000-0000-0000-000000000001','bb010600-0000-0000-0000-000000000006',1,70,false),
  ('i1-005-2','a1b00005-0000-0000-0000-000000000005','a1000000-0000-0000-0000-000000000001','bb010400-0000-0000-0000-000000000004',1,70,false),
  ('i1-006-1','a1b00006-0000-0000-0000-000000000006','a1000000-0000-0000-0000-000000000001','bb010600-0000-0000-0000-000000000006',1,70,false),
  ('i1-006-2','a1b00006-0000-0000-0000-000000000006','a1000000-0000-0000-0000-000000000001','bb010200-0000-0000-0000-000000000002',1,65,false),
  ('i1-007-1','a1b00007-0000-0000-0000-000000000007','a1000000-0000-0000-0000-000000000001','bb010600-0000-0000-0000-000000000006',2,70,false),
  ('i1-007-2','a1b00007-0000-0000-0000-000000000007','a1000000-0000-0000-0000-000000000001','bb011000-0000-0000-0000-000000000010',1,80,false),
  ('i1-008-1','a1b00008-0000-0000-0000-000000000008','a1000000-0000-0000-0000-000000000001','bb010200-0000-0000-0000-000000000002',2,65,false),
  ('i1-009-1','a1b00009-0000-0000-0000-000000000009','a1000000-0000-0000-0000-000000000001','bb010600-0000-0000-0000-000000000006',1,70,false),
  ('i1-009-2','a1b00009-0000-0000-0000-000000000009','a1000000-0000-0000-0000-000000000001','bb010500-0000-0000-0000-000000000005',1,60,false),
  ('i1-010-1','a1b00010-0000-0000-0000-000000000010','a1000000-0000-0000-0000-000000000001','bb010300-0000-0000-0000-000000000003',1,65,false),
  ('i1-010-2','a1b00010-0000-0000-0000-000000000010','a1000000-0000-0000-0000-000000000001','bb010200-0000-0000-0000-000000000002',1,65,false),
  ('i1-011-1','a1b00011-0000-0000-0000-000000000011','a1000000-0000-0000-0000-000000000001','bb010200-0000-0000-0000-000000000002',2,65,false),
  ('i1-012-1','a1b00012-0000-0000-0000-000000000012','a1000000-0000-0000-0000-000000000001','bb010600-0000-0000-0000-000000000006',2,70,false),
  ('i1-012-2','a1b00012-0000-0000-0000-000000000012','a1000000-0000-0000-0000-000000000001','bb011000-0000-0000-0000-000000000010',1,80,false),
  ('i1-013-1','a1b00013-0000-0000-0000-000000000013','a1000000-0000-0000-0000-000000000001','bb010100-0000-0000-0000-000000000001',1,55,false),
  ('i1-013-2','a1b00013-0000-0000-0000-000000000013','a1000000-0000-0000-0000-000000000001','bb010500-0000-0000-0000-000000000005',1,60,false),
  ('i1-014-1','a1b00014-0000-0000-0000-000000000014','a1000000-0000-0000-0000-000000000001','bb010600-0000-0000-0000-000000000006',1,70,false),
  ('i1-014-2','a1b00014-0000-0000-0000-000000000014','a1000000-0000-0000-0000-000000000001','bb010400-0000-0000-0000-000000000004',1,70,false),
  ('i1-015-1','a1b00015-0000-0000-0000-000000000015','a1000000-0000-0000-0000-000000000001','bb010200-0000-0000-0000-000000000002',2,65,false),
  ('i1-016-1','a1b00016-0000-0000-0000-000000000016','a1000000-0000-0000-0000-000000000001','bb010600-0000-0000-0000-000000000006',1,70,false),
  ('i1-016-2','a1b00016-0000-0000-0000-000000000016','a1000000-0000-0000-0000-000000000001','bb010300-0000-0000-0000-000000000003',1,65,false),
  ('i1-017-1','a1b00017-0000-0000-0000-000000000017','a1000000-0000-0000-0000-000000000001','bb010100-0000-0000-0000-000000000001',1,55,false),
  ('i1-017-2','a1b00017-0000-0000-0000-000000000017','a1000000-0000-0000-0000-000000000001','bb010200-0000-0000-0000-000000000002',1,65,false),
  ('i1-018-1','a1b00018-0000-0000-0000-000000000018','a1000000-0000-0000-0000-000000000001','bb010600-0000-0000-0000-000000000006',1,70,false),
  ('i1-018-2','a1b00018-0000-0000-0000-000000000018','a1000000-0000-0000-0000-000000000001','bb011000-0000-0000-0000-000000000010',1,80,false),
  ('i1-019-1','a1b00019-0000-0000-0000-000000000019','a1000000-0000-0000-0000-000000000001','bb010200-0000-0000-0000-000000000002',1,65,false),
  ('i1-019-2','a1b00019-0000-0000-0000-000000000019','a1000000-0000-0000-0000-000000000001','bb010500-0000-0000-0000-000000000005',1,60,false),
  ('i1-020-1','a1b00020-0000-0000-0000-000000000020','a1000000-0000-0000-0000-000000000001','bb010600-0000-0000-0000-000000000006',2,70,false),
  ('i1-021-1','a1b00021-0000-0000-0000-000000000021','a1000000-0000-0000-0000-000000000001','bb010100-0000-0000-0000-000000000001',1,55,false),
  ('i1-021-2','a1b00021-0000-0000-0000-000000000021','a1000000-0000-0000-0000-000000000001','bb010800-0000-0000-0000-000000000008',1,60,false),
  ('i1-022-1','a1b00022-0000-0000-0000-000000000022','a1000000-0000-0000-0000-000000000001','bb010600-0000-0000-0000-000000000006',1,70,false),
  ('i1-022-2','a1b00022-0000-0000-0000-000000000022','a1000000-0000-0000-0000-000000000001','bb010200-0000-0000-0000-000000000002',1,65,false),
  ('i1-022-3','a1b00022-0000-0000-0000-000000000022','a1000000-0000-0000-0000-000000000001','bb011000-0000-0000-0000-000000000010',1,80,false),
  ('i1-023-1','a1b00023-0000-0000-0000-000000000023','a1000000-0000-0000-0000-000000000001','bb010300-0000-0000-0000-000000000003',1,65,false),
  ('i1-023-2','a1b00023-0000-0000-0000-000000000023','a1000000-0000-0000-0000-000000000001','bb010500-0000-0000-0000-000000000005',1,60,false),
  ('i1-024-1','a1b00024-0000-0000-0000-000000000024','a1000000-0000-0000-0000-000000000001','bb010600-0000-0000-0000-000000000006',1,70,false),
  ('i1-024-2','a1b00024-0000-0000-0000-000000000024','a1000000-0000-0000-0000-000000000001','bb010400-0000-0000-0000-000000000004',1,70,false),
  ('i1-025-1','a1b00025-0000-0000-0000-000000000025','a1000000-0000-0000-0000-000000000001','bb010100-0000-0000-0000-000000000001',1,55,false),
  ('i1-025-2','a1b00025-0000-0000-0000-000000000025','a1000000-0000-0000-0000-000000000001','bb010600-0000-0000-0000-000000000006',1,70,false),
  ('i2-001-1','a2b00001-0000-0000-0000-000000000026','a2000000-0000-0000-0000-000000000002','bb020300-0000-0000-0000-000000000013',1,65,false),
  ('i2-001-2','a2b00001-0000-0000-0000-000000000026','a2000000-0000-0000-0000-000000000002','bb020700-0000-0000-0000-000000000017',1,60,false),
  ('i2-002-1','a2b00002-0000-0000-0000-000000000027','a2000000-0000-0000-0000-000000000002','bb020400-0000-0000-0000-000000000014',1,70,false),
  ('i2-002-2','a2b00002-0000-0000-0000-000000000027','a2000000-0000-0000-0000-000000000002','bb020600-0000-0000-0000-000000000016',1,55,false),
  ('i2-003-1','a2b00003-0000-0000-0000-000000000028','a2000000-0000-0000-0000-000000000002','bb020500-0000-0000-0000-000000000015',1,75,false),
  ('i2-003-2','a2b00003-0000-0000-0000-000000000028','a2000000-0000-0000-0000-000000000002','bb021000-0000-0000-0000-000000000020',1,75,false),
  ('i2-004-1','a2b00004-0000-0000-0000-000000000029','a2000000-0000-0000-0000-000000000002','bb020300-0000-0000-0000-000000000013',1,65,false),
  ('i2-004-2','a2b00004-0000-0000-0000-000000000029','a2000000-0000-0000-0000-000000000002','bb020800-0000-0000-0000-000000000018',1,55,false),
  ('i2-005-1','a2b00005-0000-0000-0000-000000000030','a2000000-0000-0000-0000-000000000002','bb020400-0000-0000-0000-000000000014',1,70,false),
  ('i2-005-2','a2b00005-0000-0000-0000-000000000030','a2000000-0000-0000-0000-000000000002','bb021000-0000-0000-0000-000000000020',1,75,false),
  ('i2-006-1','a2b00006-0000-0000-0000-000000000031','a2000000-0000-0000-0000-000000000002','bb020300-0000-0000-0000-000000000013',2,65,false),
  ('i2-007-1','a2b00007-0000-0000-0000-000000000032','a2000000-0000-0000-0000-000000000002','bb020500-0000-0000-0000-000000000015',1,75,false),
  ('i2-007-2','a2b00007-0000-0000-0000-000000000032','a2000000-0000-0000-0000-000000000002','bb020700-0000-0000-0000-000000000017',1,60,false),
  ('i2-008-1','a2b00008-0000-0000-0000-000000000033','a2000000-0000-0000-0000-000000000002','bb020400-0000-0000-0000-000000000014',1,70,false),
  ('i2-008-2','a2b00008-0000-0000-0000-000000000033','a2000000-0000-0000-0000-000000000002','bb020600-0000-0000-0000-000000000016',1,55,false),
  ('i2-009-1','a2b00009-0000-0000-0000-000000000034','a2000000-0000-0000-0000-000000000002','bb020100-0000-0000-0000-000000000011',1,45,false),
  ('i2-009-2','a2b00009-0000-0000-0000-000000000034','a2000000-0000-0000-0000-000000000002','bb020700-0000-0000-0000-000000000017',1,60,false),
  ('i2-010-1','a2b00010-0000-0000-0000-000000000035','a2000000-0000-0000-0000-000000000002','bb020300-0000-0000-0000-000000000013',1,65,false),
  ('i2-010-2','a2b00010-0000-0000-0000-000000000035','a2000000-0000-0000-0000-000000000002','bb021000-0000-0000-0000-000000000020',1,75,false),
  ('i2-011-1','a2b00011-0000-0000-0000-000000000036','a2000000-0000-0000-0000-000000000002','bb020400-0000-0000-0000-000000000014',1,70,false),
  ('i2-011-2','a2b00011-0000-0000-0000-000000000036','a2000000-0000-0000-0000-000000000002','bb020800-0000-0000-0000-000000000018',1,55,false),
  ('i2-012-1','a2b00012-0000-0000-0000-000000000037','a2000000-0000-0000-0000-000000000002','bb020500-0000-0000-0000-000000000015',1,75,false),
  ('i2-012-2','a2b00012-0000-0000-0000-000000000037','a2000000-0000-0000-0000-000000000002','bb020700-0000-0000-0000-000000000017',1,60,false),
  ('i2-013-1','a2b00013-0000-0000-0000-000000000038','a2000000-0000-0000-0000-000000000002','bb020300-0000-0000-0000-000000000013',2,65,false),
  ('i2-014-1','a2b00014-0000-0000-0000-000000000039','a2000000-0000-0000-0000-000000000002','bb020400-0000-0000-0000-000000000014',1,70,false),
  ('i2-014-2','a2b00014-0000-0000-0000-000000000039','a2000000-0000-0000-0000-000000000002','bb021000-0000-0000-0000-000000000020',1,75,false),
  ('i2-015-1','a2b00015-0000-0000-0000-000000000040','a2000000-0000-0000-0000-000000000002','bb020300-0000-0000-0000-000000000013',1,65,false),
  ('i2-015-2','a2b00015-0000-0000-0000-000000000040','a2000000-0000-0000-0000-000000000002','bb020700-0000-0000-0000-000000000017',1,60,false),
  ('i3-001-1','a3b00001-0000-0000-0000-000000000041','a3000000-0000-0000-0000-000000000003','bb030100-0000-0000-0000-000000000021',1,40,false),
  ('i3-001-2','a3b00001-0000-0000-0000-000000000041','a3000000-0000-0000-0000-000000000003','bb030500-0000-0000-0000-000000000025',1,45,false),
  ('i3-002-1','a3b00002-0000-0000-0000-000000000042','a3000000-0000-0000-0000-000000000003','bb030400-0000-0000-0000-000000000024',1,55,false),
  ('i3-002-2','a3b00002-0000-0000-0000-000000000042','a3000000-0000-0000-0000-000000000003','bb030200-0000-0000-0000-000000000022',1,45,false),
  ('i3-003-1','a3b00003-0000-0000-0000-000000000043','a3000000-0000-0000-0000-000000000003','bb030300-0000-0000-0000-000000000023',1,50,false),
  ('i3-003-2','a3b00003-0000-0000-0000-000000000043','a3000000-0000-0000-0000-000000000003','bb030100-0000-0000-0000-000000000021',1,40,false),
  ('i3-004-1','a3b00004-0000-0000-0000-000000000044','a3000000-0000-0000-0000-000000000003','bb030500-0000-0000-0000-000000000025',2,45,false),
  ('i3-005-1','a3b00005-0000-0000-0000-000000000045','a3000000-0000-0000-0000-000000000003','bb030400-0000-0000-0000-000000000024',1,55,false),
  ('i3-005-2','a3b00005-0000-0000-0000-000000000045','a3000000-0000-0000-0000-000000000003','bb030600-0000-0000-0000-000000000026',1,60,false),
  ('i3-006-1','a3b00006-0000-0000-0000-000000000046','a3000000-0000-0000-0000-000000000003','bb030200-0000-0000-0000-000000000022',2,45,false),
  ('i3-007-1','a3b00007-0000-0000-0000-000000000047','a3000000-0000-0000-0000-000000000003','bb030400-0000-0000-0000-000000000024',1,55,false),
  ('i3-007-2','a3b00007-0000-0000-0000-000000000047','a3000000-0000-0000-0000-000000000003','bb030700-0000-0000-0000-000000000027',1,45,false),
  ('i3-008-1','a3b00008-0000-0000-0000-000000000048','a3000000-0000-0000-0000-000000000003','bb030100-0000-0000-0000-000000000021',2,40,false),
  ('i3-009-1','a3b00009-0000-0000-0000-000000000049','a3000000-0000-0000-0000-000000000003','bb030500-0000-0000-0000-000000000025',1,45,false),
  ('i3-009-2','a3b00009-0000-0000-0000-000000000049','a3000000-0000-0000-0000-000000000003','bb030400-0000-0000-0000-000000000024',1,55,false),
  ('i3-010-1','a3b00010-0000-0000-0000-000000000050','a3000000-0000-0000-0000-000000000003','bb030200-0000-0000-0000-000000000022',1,45,false),
  ('i3-010-2','a3b00010-0000-0000-0000-000000000050','a3000000-0000-0000-0000-000000000003','bb030600-0000-0000-0000-000000000026',1,60,false);

-- 9. SUBSCRIPTIONS ----------------------------------------------------
INSERT INTO subscriptions (id, store_id, status, current_period_end, grace_until) VALUES
  ('sub1','a1000000-0000-0000-0000-000000000001','active',NOW()+INTERVAL'30 days',NULL),
  ('sub2','a2000000-0000-0000-0000-000000000002','active',NOW()+INTERVAL'30 days',NULL),
  ('sub3','a3000000-0000-0000-0000-000000000003','grace', NOW()-INTERVAL'1 day',  NOW()+INTERVAL'2 days');

SET session_replication_role = DEFAULT;
